Borough,Creation Date,Latitude,Longitude
Manhattan,01/15/2013 7:34:13 AM,,
Manhattan,06/29/2021 8:43:34 PM,40.76876179,-73.99243661
Manhattan,10/21/2011 5:54:03 PM,40.70851005,-74.01106961
Brooklyn,03/30/2017 9:30:50 PM,40.63702382,-73.95270558
Queens,03/17/2015 6:44:05 PM,40.75989553,-73.9171611
Brooklyn,08/08/2014 1:26:20 PM,40.57506926,-73.98587835
Bronx,12/25/2018 8:18:32 AM,40.83267093,-73.89055553
Brooklyn,02/14/2022 7:45:22 AM,40.63208005,-73.91859988
Bronx,01/09/2020 3:28:10 AM,40.845231,-73.92709575
Brooklyn,01/28/2021 4:22:30 AM,40.75421004,-73.94938988
Bronx,07/15/2018 12:38:55 AM,40.86916184,-73.8889394
Queens,05/22/2015 8:13:08 AM,40.76149178,-73.8270733
Queens,09/26/2015 12:27:32 PM,40.75692371,-73.86555924
Brooklyn,01/18/2018 3:25:28 PM,40.69501625,-73.92129827
Staten Island,09/06/2021 11:53:59 AM,40.62833401,-74.15684601
Manhattan,04/19/2012 4:34:10 PM,40.7649874,-73.97875171
Queens,10/30/2012 4:56:33 AM,40.66419358,-73.84111645
Brooklyn,07/25/2019 9:05:45 AM,40.61788339,-73.96172574
Brooklyn,01/15/2016 3:54:20 AM,40.69292361,-73.95100073
Queens,03/06/2013 4:50:15 AM,40.65713462,-73.85401446
Bronx,12/29/2015 1:57:37 PM,40.73388298,-74.03116876
Brooklyn,12/02/2012 10:10:34 AM,40.57454002,-73.99088562
Brooklyn,06/08/2020 11:26:29 AM,40.65699995,-74.00514257
Brooklyn,11/19/2017 2:05:10 AM,,
Manhattan,09/23/2015 2:51:27 PM,40.74777121,-73.99082222
Staten Island,05/30/2021 6:25:41 AM,40.62406499,-74.08835103
Brooklyn,03/26/2015 10:33:12 AM,40.63786354,-73.95845272
Bronx,10/04/2019 8:39:33 PM,40.84228477,-73.91246178
Queens,12/30/2014 6:38:10 AM,,
Brooklyn,02/18/2017 7:52:16 PM,40.57584728,-73.97102661
Brooklyn,02/11/2021 4:20:35 PM,40.73674006,-73.95866991
Manhattan,08/22/2020 1:13:07 PM,40.77491424,-73.97905791
Bronx,09/17/2016 3:56:07 AM,40.87647619,-73.84787309
Staten Island,11/29/2016 6:49:45 AM,40.52609318,-74.18029751
Manhattan,02/14/2017 9:13:41 AM,40.71442154,-74.00607638
Bronx,02/12/2016 7:25:31 AM,40.83270661,-73.90505145
Brooklyn,07/09/2018 1:24:36 PM,40.61961767,-74.01180649
Bronx,07/01/2015 6:03:02 PM,40.87645944,-73.8635023
Brooklyn,04/25/2022 11:42:34 AM,40.63565355,-73.95039756
Bronx,04/24/2018 5:50:05 AM,40.86420309,-73.89149696
Queens,09/07/2021 8:06:17 PM,40.73831609,-73.8467766
Brooklyn,09/05/2018 10:01:35 AM,,
Manhattan,11/07/2021 3:00:13 PM,40.80800556,-73.96202049
Bronx,04/13/2018 3:38:49 PM,40.89555958,-73.84757349
Long Island City,02/15/2018 6:02:35 PM,40.7520254,-73.94673431
Manhattan,03/02/2019 10:18:00 PM,40.76838184,-73.98477416
Bronx,05/07/2011 3:52:02 PM,40.81978738,-73.91215848
Manhattan,06/07/2019 2:11:25 PM,40.743873,-73.971702
Bronx,02/21/2015 10:10:08 PM,40.82659803,-73.89992203
Staten Island,05/01/2014 1:51:04 PM,40.55516852,-74.1168117
Queens,12/14/2018 7:57:24 AM,40.69295648,-73.74991271
Queens,10/23/2017 2:17:33 PM,,
Bronx,03/21/2019 7:41:13 AM,40.84942183,-73.85399827
Brooklyn,02/18/2019 4:38:41 AM,40.6866444,-73.96641565
Bronx,04/14/2019 4:34:59 AM,40.86067959,-73.88932941
Brooklyn,01/31/2022 12:07:52 AM,40.67893297,-73.94018722
Bronx,01/30/2017 9:47:09 PM,40.82730091,-73.86917898
Manhattan,02/24/2015 11:06:48 AM,40.71402463,-74.00643526
Manhattan,12/19/2018 1:01:55 PM,40.71760654,-73.99732139
Bronx,03/02/2018 7:21:07 PM,40.87339759,-73.87979733
Queens,12/01/2015 9:30:15 AM,40.72069264,-73.73192092
Staten Island,11/13/2011 7:23:30 AM,40.64051846,-74.1712872
Staten Island,09/17/2019 9:05:35 AM,40.63568489,-74.10668258
Brooklyn,03/05/2018 12:49:27 AM,40.68547741,-73.93117632
Bronx,04/24/2018 5:50:05 AM,40.86420309,-73.89149696
Manhattan,05/05/2014 3:01:16 PM,40.74821467,-73.9685398
staten island,02/20/2016 10:17:42 AM,40.63615439,-74.14953905
Queens,06/11/2020 12:08:18 PM,40.750362,-73.8738495
Bronx,07/22/2020 5:39:22 PM,40.82048005,-73.81807991
Manhattan,05/22/2021 11:36:20 PM,40.7541657,-73.96697004
Brooklyn,02/17/2016 9:50:37 AM,40.66815512,-73.95889166
Brooklyn,04/17/2019 6:47:50 AM,40.61825506,-73.93215403
Manhattan,04/14/2014 3:58:01 PM,40.7622265,-73.96818664
Bronx,02/21/2016 12:33:10 PM,40.83783106,-73.86400077
Manhattan,10/18/2016 9:07:25 AM,,
Manhattan,03/22/2021 11:04:28 AM,40.78357864,-73.95556567
Manhattan,11/17/2015 2:42:14 PM,40.7213231,-74.00247482
Manhattan,01/14/2020 11:05:40 AM,40.77039984,-73.99143753
Brooklyn,06/19/2020 10:35:41 AM,,
Manhattan,03/02/2017 11:41:36 PM,40.71442154,-74.00607638
Manhattan,05/13/2013 10:58:11 PM,40.72520963,-73.9958474
Bronx,10/04/2019 8:39:33 PM,40.84228477,-73.91246178
Manhattan,07/08/2014 10:40:41 PM,40.77421112,-73.98856925
Manhattan,07/15/2014 7:50:33 AM,40.70506285,-74.00853712
Manhattan,09/21/2020 9:31:16 AM,40.7496101,-73.99325702
Manhattan,01/13/2015 11:20:40 AM,40.72543411,-73.9876035
Brooklyn,07/13/2017 9:01:30 PM,40.6691713,-73.86313663
Brooklyn,04/17/2019 6:47:50 AM,40.61825506,-73.93215403
Staten Island,08/11/2016 7:56:52 AM,40.71481854,-74.02082656
Brooklyn,03/11/2016 8:29:44 AM,,
Bronx,01/02/2014 11:42:23 PM,40.84874281,-73.91785649
Brooklyn,05/07/2016 9:44:24 PM,,
Manhattan,05/10/2012 4:51:31 PM,40.7188949,-73.97930753
Bronx,06/10/2022 5:49:34 PM,40.87828006,-73.86811996
Manhattan,08/06/2012 11:19:27 AM,40.81713115,-73.93863659
Bronx,07/06/2012 12:20:10 AM,40.8372468,-73.87149719
Brooklyn,12/02/2018 5:11:16 AM,40.856517,-73.826316
Manhattan,04/08/2016 6:08:51 PM,40.71848776,-74.00264426
Brooklyn,05/15/2014 7:56:30 AM,40.67799418,-73.99619645
Manhattan,11/17/2014 2:58:12 PM,40.7119934,-74.00810155
Brooklyn,07/06/2022 7:42:46 AM,40.67462266,-74.01437771
Manhattan,12/18/2018 11:13:47 AM,,
Manhattan,06/03/2018 7:35:40 PM,40.72725178,-73.984551
Brooklyn,06/19/2018 6:00:27 PM,40.61047194,-73.99119703
Bronx,01/11/2022 6:16:15 AM,40.86185002,-73.91263993
Brooklyn,06/10/2013 9:26:37 AM,40.69485984,-73.98467376
Brooklyn,04/10/2019 6:22:38 PM,40.6332562,-73.96709535
Brooklyn,10/07/2018 6:46:48 PM,,
Bronx,07/27/2015 1:53:30 PM,40.84851613,-73.90842652
Brooklyn,09/30/2016 8:10:13 AM,,
Manhattan,05/14/2014 1:27:06 PM,40.73349332,-74.00370569
Queens,10/18/2012 1:20:05 AM,40.74664168,-73.89139142
Manhattan,02/26/2015 1:06:06 PM,40.73209762,-73.98189411
Bronx,03/05/2018 2:04:16 AM,40.85553375,-73.88891492
Manhattan,06/06/2022 6:36:03 AM,,
Brooklyn,05/20/2014 1:36:01 AM,40.7015827,-73.93824886
Manhattan,04/11/2016 9:53:34 AM,40.76499524,-73.97670485
Manhattan,05/03/2018 9:45:41 AM,40.750281,-73.9948635
Brooklyn,02/05/2020 2:27:18 PM,40.66471429,-73.88658194
Brooklyn,05/21/2019 7:37:34 PM,,
Manhattan,02/11/2016 9:40:12 AM,40.75435073,-73.99858512
Manhattan,07/19/2018 7:02:24 AM,40.74003719,-73.99063758
Manhattan,11/15/2018 1:14:54 PM,40.79167489,-73.9385149
Manhattan,11/14/2017 3:37:43 PM,,
Bronx,08/12/2020 12:32:55 PM,40.84879001,-73.89380102
Manhattan,07/08/2012 7:55:09 AM,40.76428121,-73.9985813
Brooklyn,07/28/2020 12:39:25 PM,40.69980832,-73.98976959
Queens,11/13/2019 7:44:53 AM,40.59210479,-73.78824765
Manhattan,07/19/2018 7:02:24 AM,40.74003719,-73.99063758
Brooklyn,11/06/2019 12:26:14 PM,40.68000771,-73.91925688
Queens,10/26/2012 5:51:48 AM,40.76666775,-73.88610973
Manhattan,12/23/2016 1:36:49 PM,40.71442154,-74.00607638
Brooklyn,04/13/2020 6:43:21 AM,,
Bronx,11/07/2013 7:09:41 PM,40.86121662,-73.85995092
Brooklyn,03/22/2013 3:35:35 PM,40.64806716,-73.90844578
Brooklyn,12/07/2017 5:37:05 AM,40.68105021,-73.95517662
Staten Island,04/06/2016 6:20:51 PM,40.58061768,-74.15252871
Bronx,06/24/2015 3:01:55 PM,40.81447656,-73.89673737
Staten Island,02/01/2017 8:16:11 AM,40.57827086,-74.15662795
Brooklyn,08/21/2019 12:04:53 PM,40.59783,-73.9654695
Queens,01/04/2016 1:25:16 PM,40.72940178,-73.84563701
Manhattan,05/16/2018 2:53:34 PM,40.776219,-73.9438245
Manhattan,05/30/2018 11:16:13 AM,40.75655495,-73.98630453
Queens,11/12/2021 2:59:42 PM,40.60601167,-73.75132662
Staten Island,09/18/2020 10:40:34 PM,40.60480002,-74.07568698
Bronx,11/16/2016 11:13:13 AM,40.89194702,-73.83857458
Bronx,12/26/2021 8:45:20 PM,40.83425386,-73.85492885
Brooklyn,03/26/2017 6:38:05 PM,,
Manhattan,09/11/2013 10:10:00 AM,40.75180865,-73.97287643
Manhattan,11/24/2020 10:59:26 AM,40.77877154,-73.97614133
Queens,02/01/2022 10:30:49 AM,40.68763325,-73.85139018
Manhattan,02/01/2014 12:19:47 PM,40.73339174,-74.00427579
manhattan,09/28/2015 1:26:23 AM,40.80033569,-73.93770937
Brooklyn,02/06/2022 4:29:23 PM,40.60087004,-73.95867988
Brooklyn,02/22/2018 12:44:04 PM,40.68676165,-73.98453385
Brooklyn,08/13/2015 11:45:19 PM,40.66490136,-73.89305285
Manhattan,01/09/2013 8:58:15 AM,40.70375095,-74.0070474
Bronx,04/13/2013 8:00:35 AM,40.81778959,-73.9242858
Queens,03/30/2022 7:28:55 PM,40.69418053,-73.81005189
Brooklyn,08/16/2015 3:41:39 PM,40.67350644,-73.99521614
Bronx,08/27/2019 12:08:59 PM,40.87844575,-73.88169778
Manhattan,03/24/2012 5:47:30 PM,40.74684022,-73.98571563
Queens,04/30/2014 8:59:34 PM,40.66703836,-73.85446139
Brooklyn,03/03/2017 11:58:25 AM,,
Manhattan,07/15/2020 4:05:07 PM,40.70490307,-74.01185977
staten island,03/09/2016 12:47:32 AM,40.64675338,-74.08676326
Staten Island,08/23/2021 3:40:24 PM,40.59766601,-74.07280301
Bronx,10/19/2020 8:31:03 PM,40.89010001,-73.85941996
Bronx,08/05/2014 8:22:16 AM,40.81851002,-73.80581146
Bronx,11/12/2016 8:47:40 PM,,
Bronx,05/13/2018 12:07:17 PM,40.87854738,-73.90074762
Manhattan,06/29/2020 8:54:41 AM,40.76519838,-73.97529692
Queens,02/24/2012 8:39:34 AM,40.67509797,-73.79398606
Manhattan,10/13/2016 6:22:41 AM,,
Bronx,04/13/2021 6:54:28 PM,40.83350196,-73.85146668
Manhattan,07/19/2019 6:43:37 PM,40.80438,-73.937412
Queens,01/04/2019 2:23:28 PM,40.758309,-73.855602
New York,12/05/2020 5:05:13 AM,40.72768999,-73.98769099
Brooklyn,07/05/2020 3:38:11 PM,40.69979588,-73.9897529
Brooklyn,04/16/2012 7:56:53 AM,40.69456954,-73.99066726
Manhattan,11/12/2017 10:17:16 AM,,
Bronx,07/04/2017 1:27:14 PM,,
Manhattan,07/11/2011 5:44:23 PM,40.74103032,-73.99416478
Brooklyn,07/10/2020 7:57:45 PM,,
Manhattan,07/01/2018 9:14:40 AM,40.75397409,-73.98199112
Queens,04/24/2021 3:35:14 AM,40.59413799,-73.76007303
Manhattan,07/02/2013 1:08:11 PM,40.80395045,-73.96313868
Manhattan,05/14/2017 7:15:30 PM,40.71442154,-74.00607638
Brooklyn,08/26/2019 3:55:08 PM,40.693842,-73.98333
Brooklyn,06/20/2011 6:53:05 PM,40.66457228,-73.90265587
Manhattan,09/03/2015 11:05:29 AM,40.80896233,-73.96318648
flushing,03/30/2019 8:00:16 PM,40.71317465,-73.87353177
Staten Island,12/13/2020 7:51:41 PM,40.60480002,-74.07568698
Brooklyn,11/03/2021 11:00:08 AM,40.65368336,-73.95157999
Manhattan,07/27/2017 8:46:54 AM,40.73823907,-73.99983774
Queens,12/12/2018 2:22:48 PM,40.56677652,-73.88875358
Brooklyn,08/08/2020 9:46:35 AM,40.69980832,-73.98976959
Manhattan,01/23/2017 3:54:00 AM,40.71442154,-74.00607638
Brooklyn,07/22/2016 8:46:50 PM,,
Bronx,09/03/2019 4:42:33 PM,40.83983015,-73.91291861
Brooklyn,02/16/2017 12:15:50 PM,40.6409843,-73.93982527
Bronx,02/13/2014 9:47:21 AM,40.83456399,-73.81763578
Queens,06/19/2012 8:00:17 PM,,
Manhattan,12/23/2016 1:36:49 PM,40.71442154,-74.00607638
New York,01/21/2019 8:28:35 PM,40.76465021,-73.97788313
Bronx,01/12/2018 9:31:21 AM,40.8462453,-73.91833785
Queens,06/14/2015 4:04:33 PM,40.648661,-73.78014998
Manhattan,04/07/2018 6:04:46 PM,40.76257248,-73.97420438
Queens,04/26/2017 3:23:22 AM,40.66245165,-73.80039999
Queens,08/17/2011 3:19:05 PM,40.7738978,-73.93657515
Bronx,04/13/2017 11:22:35 PM,40.87685686,-73.82979889
Queens,11/05/2021 8:40:33 PM,40.79599178,-73.88638756
Queens,10/09/2019 12:42:54 PM,40.76038488,-73.84085996
Brooklyn,01/11/2018 9:01:05 AM,40.57554541,-73.99503671
Manhattan,12/26/2012 12:19:14 PM,40.76553005,-73.99767155
Manhattan,04/07/2013 7:11:23 PM,,
Queens,04/06/2021 1:28:03 PM,40.75462,-73.87789099
Manhattan,01/25/2013 4:09:39 PM,40.76004576,-73.99146666
Queens,03/27/2012 7:56:25 PM,,
Brooklyn,08/02/2018 11:05:19 PM,,
Staten ISland,06/19/2017 11:59:07 AM,40.52724014,-74.1664587
Manhattan,05/14/2017 7:15:30 PM,40.71442154,-74.00607638
Brooklyn,04/18/2019 3:23:56 PM,40.68296496,-73.96485955
Staten Island,08/09/2019 8:48:44 AM,40.55322116,-74.13599352
Staten Island,03/09/2021 6:31:00 PM,40.60238,-74.164495
Brooklyn,02/19/2021 8:52:07 PM,40.70019999,-73.94413703
Brooklyn,07/23/2019 9:03:07 AM,40.6737,-73.734372
Bronx,12/04/2018 2:35:11 PM,40.81646146,-73.8908144
Brooklyn,09/30/2019 1:33:08 PM,40.64731067,-73.97189923
New York,02/28/2022 3:32:22 AM,40.8772496,-73.92296081
Bronx,12/30/2019 2:06:16 PM,40.87005652,-73.83229533
Queens,11/14/2016 3:53:54 PM,40.71400364,-73.82998933
Bronx,04/11/2022 3:45:32 PM,40.8535714,-73.86302211
Brooklyn,10/25/2016 8:58:31 AM,,
Manhattan,01/23/2020 9:00:40 PM,40.71613915,-73.99915329
Bronx,07/20/2019 6:27:37 PM,40.8473755,-73.90193213
Manhattan,02/20/2020 3:39:26 AM,40.743333,-73.9841085
Manhattan,05/23/2018 11:31:13 PM,40.770387,-73.9541025
Brooklyn,10/11/2021 2:12:32 AM,40.64332006,-73.87623992
Bronx,01/09/2020 6:36:23 PM,40.83050639,-73.91364828
Brooklyn,07/09/2021 2:49:59 PM,40.72054002,-73.94610703
Brooklyn,02/21/2020 11:56:32 PM,40.701015,-73.9912905
Staten Island,11/07/2021 1:13:04 PM,40.61181006,-74.06443989
Bronx,04/24/2018 5:50:05 AM,40.86420309,-73.89149696
Brooklyn,03/23/2017 7:14:08 AM,40.66063637,-73.88634126
Manhattan,11/25/2018 6:24:14 PM,40.7918279,-73.97397613
Manhattan,02/24/2016 2:25:42 PM,40.75998779,-73.98779199
Bronx,02/03/2014 3:08:38 PM,40.86818031,-73.8879389
Brooklyn,04/08/2015 11:42:20 AM,40.68943943,-73.90812013
Brooklyn,06/12/2016 8:51:35 AM,40.67609494,-73.94991352
Manhattan,12/29/2017 10:38:00 PM,,
Queens,08/10/2017 8:55:19 AM,40.771611,-73.833516
Staten Island,11/28/2014 8:37:45 AM,40.58677316,-74.19338868
Brooklyn,08/17/2013 8:24:55 PM,40.68441595,-73.92720995
Manhattan,12/27/2017 5:20:16 AM,,
Manhattan,12/24/2020 5:28:31 PM,40.76457732,-73.9775786
Bronx,03/23/2014 10:44:59 AM,40.85326795,-73.90593302
Bronx,01/07/2014 3:04:54 PM,40.88275205,-73.91742752
Queens,10/26/2015 10:33:08 AM,40.73351802,-73.89034476
Manhattan,08/23/2013 12:56:44 AM,40.74972619,-73.967182
New York,01/08/2018 9:44:03 AM,40.751352,-73.96794
Brooklyn,07/01/2020 4:59:19 PM,40.68097002,-73.99673196
Brooklyn,01/14/2021 6:29:09 PM,40.70758998,-73.93906598
Manhattan,08/31/2021 2:42:25 PM,40.81447532,-73.9403996
Staten Island,04/04/2022 8:20:19 AM,40.54955003,-74.13731995
Brooklyn,08/01/2019 12:55:54 AM,40.72838802,-73.94309537
Queens,04/15/2020 9:44:53 AM,40.59411143,-73.79530022
Bronx,02/28/2021 3:08:50 AM,40.86982294,-73.83083227
New York,08/07/2021 10:43:46 PM,40.75067191,-73.99208153
Queens,04/16/2020 9:55:39 AM,40.75483882,-73.84468069
New York,01/13/2018 5:27:47 AM,40.77874294,-73.96249831
Brooklyn,12/06/2016 3:59:54 PM,40.66022112,-73.9945785
Brooklyn,03/04/2016 2:11:16 PM,40.67310292,-73.99438341
Brooklyn,12/21/2020 2:27:05 AM,40.73697999,-73.95696603
Manhattan,05/15/2014 10:15:40 AM,40.74623674,-73.98904321
Queens,09/17/2012 11:39:33 AM,40.67726181,-73.82615606
Brooklyn,09/20/2020 8:42:31 AM,40.66273003,-73.98172995
Bronx,03/05/2015 10:34:42 PM,40.84188803,-73.86898723
Staten Island,04/29/2022 8:48:32 PM,40.62945975,-74.07445316
Manhattan,06/23/2017 4:40:12 AM,,
Bronx,11/04/2011 3:02:28 PM,,
Staten Island,06/21/2012 10:43:04 AM,40.59982728,-74.17822286
Far Rockaway,12/18/2016 5:52:37 PM,40.59508345,-73.78400536
Manhattan,09/16/2016 12:44:32 PM,40.71877528,-73.98714659
Brooklyn,11/02/2011 4:51:47 AM,40.63845569,-73.9993046
Manhattan,04/02/2016 8:13:03 PM,40.75152349,-73.9939473
Queens,06/02/2016 8:48:22 PM,40.72506839,-73.7582224
Manhattan,04/23/2022 2:32:55 PM,40.75538767,-73.99864618
Brooklyn,12/07/2017 5:37:05 AM,40.68105021,-73.95517662
manhattan,08/15/2017 5:12:29 PM,40.73365748,-73.98808302
Bronx,12/28/2020 10:24:30 AM,40.83098002,-73.87671401
Manhattan,09/04/2018 1:29:19 PM,40.74829616,-73.98891603
Brooklyn,04/09/2021 9:15:09 AM,,
Manhattan,09/18/2019 11:03:18 AM,40.79013994,-73.95410437
Bronx,10/20/2018 11:32:15 AM,40.84131834,-73.90944551
Brooklyn,10/14/2014 3:46:47 AM,40.6281615,-73.94135736
Brooklyn,11/25/2018 8:09:28 PM,,
Queens,11/30/2014 12:19:32 PM,40.65458447,-73.79445498
Queens,04/03/2019 6:51:32 PM,40.5938244,-73.78446989
Brooklyn,06/01/2021 10:24:22 PM,40.64760484,-73.87721996
Brooklyn,09/16/2016 7:20:17 PM,,
Brooklyn,10/19/2016 3:42:41 PM,,
Brooklyn,02/02/2021 2:37:37 PM,40.84282004,-73.82558993
Brooklyn,01/04/2018 10:26:14 PM,,
Bronx,12/28/2019 11:24:27 PM,40.84609489,-73.84469478
Brooklyn,04/07/2017 10:21:14 PM,,
Brooklyn,06/08/2022 8:34:22 PM,40.66847403,-73.94053063
Bronx,02/21/2019 10:12:49 AM,40.87639835,-73.86349241
Brooklyn,04/19/2019 2:01:30 PM,40.57969742,-73.99833956
Bronx,11/18/2020 3:15:11 PM,40.86827002,-73.89704004
Bronx,10/04/2019 8:39:33 PM,40.84228477,-73.91246178
Staten Island,05/24/2014 10:38:59 AM,40.50996208,-74.24773183
Queens,01/26/2020 8:36:39 PM,40.77057769,-73.73514006
New York,01/29/2016 11:14:51 PM,40.7931724,-73.93855756
Queens,08/24/2012 12:50:17 PM,40.67499444,-73.7389291
Manhattan,12/19/2013 8:39:29 AM,40.71921515,-73.99900072
Brooklyn,09/21/2019 8:50:08 PM,,
Queens,01/04/2019 2:23:28 PM,40.758309,-73.855602
Bronx,05/19/2021 9:21:04 PM,40.82208401,-73.90722003
Brooklyn,02/16/2016 3:17:03 AM,40.68141073,-73.95449566
Manhattan,04/25/2016 6:47:13 PM,40.72019434,-73.98736999
Queens,12/02/2021 9:52:35 AM,40.77022002,-73.83053994
Manhattan,10/06/2019 1:39:44 AM,40.7487144,-73.9772174
Bronx,07/04/2017 1:27:14 PM,,
Bronx,10/08/2011 5:08:43 PM,40.88170316,-73.83899824
Brooklyn,08/14/2011 4:36:53 AM,40.58439265,-73.98176041
Queens,06/04/2021 5:50:02 AM,40.70474499,-73.81808201
Manhattan,06/27/2019 8:28:39 PM,40.81502009,-73.93920185
Queens,03/29/2022 7:26:56 PM,40.67076019,-73.80011221
Queens,03/04/2017 11:13:52 PM,40.71400364,-73.82998933
manhattan,03/26/2019 8:43:31 PM,40.70622356,-74.00595737
Queens,12/08/2017 8:22:39 PM,,
Manhattan,09/27/2021 9:47:41 AM,40.75334549,-74.00333053
Staten Island,09/30/2019 3:16:20 AM,40.6359097,-74.11752372
Brooklyn,07/10/2020 4:55:08 PM,,
Brooklyn,05/07/2019 2:13:47 AM,40.63199001,-73.99460738
Queens,07/11/2017 3:19:29 PM,40.76041176,-73.93948037
Queens,06/21/2011 12:42:42 PM,40.74453657,-73.93060156
Brooklyn,03/15/2020 11:15:25 PM,40.69979588,-73.9897529
New York,05/01/2022 12:18:02 AM,40.71386463,-73.99822763
Staten Island,03/28/2019 4:33:57 PM,40.633756,-74.18259352
Brooklyn,03/03/2015 3:21:30 AM,40.70299349,-73.9947091
Queens,01/16/2017 1:13:38 PM,40.71400364,-73.82998933
Brooklyn,11/02/2019 6:22:49 PM,,
Manhattan,04/29/2015 12:41:51 PM,40.71355545,-73.99878799
Manhattan,10/22/2017 3:11:56 PM,,
Brooklyn,05/06/2019 11:43:08 PM,40.60921163,-73.96917757
Brooklyn,02/21/2013 7:37:34 PM,40.70002688,-73.93911224
Brooklyn,03/15/2020 11:15:25 PM,40.69979588,-73.9897529
Bronx,07/10/2019 4:12:05 PM,40.82314228,-73.91862361
Bronx,03/04/2015 7:36:20 PM,40.84924496,-73.91031231
Queens,01/24/2015 9:26:16 AM,40.57952575,-73.83397036
Brooklyn,02/18/2015 11:12:35 AM,40.59392531,-73.94064568
Brooklyn,03/12/2022 12:25:53 PM,40.63993238,-73.77916915
Queens,11/24/2013 4:38:28 PM,40.7150336,-73.82318976
Queens,10/24/2013 10:26:47 AM,40.77302175,-73.91096014
New York,04/25/2019 2:19:07 PM,40.70539296,-74.01368794
Manhattan,07/21/2015 10:59:29 AM,40.75591447,-73.98668102
Manhattan,12/30/2011 8:41:19 AM,,
Manhattan,09/21/2017 3:07:06 PM,40.75269068,-73.99689677
Manhattan,10/08/2014 7:14:14 AM,40.7308665,-74.00587763
Queens,12/18/2014 4:33:22 PM,40.68183654,-73.84276178
Manhattan,03/22/2018 11:11:10 PM,40.82653751,-73.94317387
Brooklyn,11/22/2014 3:37:56 AM,,
Queens,01/24/2015 12:04:40 PM,40.74309576,-73.88882414
Manhattan,12/20/2017 1:58:26 AM,,
Staten Island,01/09/2015 8:42:43 PM,40.56295289,-74.11119279
Brooklyn,07/22/2019 7:33:18 PM,40.627242,-74.014308
Queens,02/12/2012 8:39:11 AM,,
Bronx,03/11/2015 6:44:28 PM,40.88728385,-73.85618536
Queens,09/14/2020 2:21:40 PM,40.73962,-73.87719697
manhattan,05/26/2016 2:18:51 AM,40.75806603,-73.9702822
Bronx,09/27/2016 7:36:10 AM,,
Queens,11/30/2019 3:12:28 PM,40.66933585,-73.79359715
Brooklyn,05/28/2022 8:38:32 PM,40.62820363,-73.93292657
Manhattan,07/02/2013 2:58:13 PM,40.7102228,-74.01089676
Brooklyn,11/01/2016 8:44:24 PM,,
Brooklyn,07/18/2017 1:07:57 PM,40.66237243,-73.93799584
manhattan,09/08/2014 3:27:48 AM,40.86902052,-73.91390849
Brooklyn,10/10/2011 11:26:34 AM,40.67609494,-73.94991352
Queens,10/15/2014 1:14:44 PM,40.6089842,-73.76537411
Staten Island,05/14/2020 2:54:58 AM,40.63912694,-74.16379029
Brooklyn,06/04/2019 12:23:48 PM,40.69063441,-73.94488659
Queens,08/11/2016 12:03:19 PM,40.76187842,-73.89504497
Queens,01/04/2019 2:23:28 PM,40.758309,-73.855602
staten island,09/21/2017 11:04:42 AM,40.60415146,-74.16560265
Queens,04/11/2017 6:35:24 PM,40.71400364,-73.82998933
Manhattan,04/13/2018 2:47:56 PM,40.7137362,-74.01173741
Manhattan,06/08/2022 8:19:44 AM,,
Brooklyn,08/07/2018 7:39:35 AM,40.62270218,-73.93706085
Queens,09/09/2015 11:20:25 AM,40.76514335,-73.81366716
Bronx,12/20/2021 2:06:56 PM,40.82517027,-73.85072273
Brooklyn,12/08/2018 5:49:53 PM,40.86752955,-73.86154026
Brooklyn,12/05/2021 4:38:00 PM,40.70463008,-73.93449717
Brooklyn,07/08/2015 2:21:05 PM,40.68338721,-73.96280871
Bronx,08/07/2014 9:07:02 PM,40.86701372,-73.8371682
Brooklyn,07/21/2019 6:13:13 PM,40.60755645,-73.91597802
Manhattan,12/19/2011 9:04:30 AM,40.79700362,-73.93777389
Queens,09/20/2016 4:59:18 PM,,
Queens,03/03/2017 10:33:21 AM,,
Manhattan,12/03/2016 4:46:58 PM,40.71442154,-74.00607638
Brooklyn,05/18/2018 10:31:13 AM,40.75954253,-74.00150681
Brooklyn,05/21/2015 11:02:39 AM,,
Bronx,03/29/2015 5:56:50 PM,40.84546256,-73.86501887
Brooklyn,09/27/2020 6:20:40 AM,40.63755536,-73.91887939
Brooklyn,03/05/2018 12:49:27 AM,40.68547741,-73.93117632
Manhattan,06/09/2012 10:15:48 AM,40.79910212,-73.96854104
Bronx,07/01/2011 11:01:00 AM,40.85066911,-73.88241995
Brooklyn,04/03/2019 5:10:29 PM,40.64567499,-74.0022561
Manhattan,10/09/2014 8:17:12 AM,40.77224053,-73.98999568
Brooklyn,01/23/2017 2:42:51 PM,40.61369172,-73.93824902
Manhattan,03/01/2016 3:06:37 PM,40.74208159,-73.99480704
Brooklyn,10/16/2015 6:31:40 PM,40.65776604,-73.95160682
Manhattan,10/29/2020 7:08:39 PM,40.76457732,-73.9775786
Brooklyn,03/02/2018 10:44:22 PM,40.66930447,-73.93648069
Manhattan,02/24/2022 7:19:37 AM,40.75219004,-73.99345992
Staten Island,10/14/2020 4:38:45 PM,40.63673,-74.12962997
Manhattan,03/22/2019 12:54:04 AM,40.76142606,-73.97932767
Manhattan,12/14/2017 1:39:53 AM,,
Manhattan,11/07/2014 6:19:57 PM,40.74956369,-73.9931246
Manhattan,12/26/2015 7:28:35 PM,40.80374318,-73.96757442
Manhattan,05/12/2021 8:19:56 PM,40.76285002,-73.96772991
Queens,01/04/2019 2:23:28 PM,40.758309,-73.855602
Manhattan,02/01/2018 11:57:27 AM,40.715154,-74.002131
Manhattan,09/28/2017 7:44:57 PM,40.784994,-73.940913
Bronx,10/17/2016 10:53:32 PM,40.7608561,-73.90074479
Brooklyn,07/29/2019 8:32:40 PM,40.6221204,-73.97558822
Bronx,12/02/2015 5:34:25 PM,40.83464711,-73.90503423
Manhattan,02/13/2014 7:59:15 AM,40.77363338,-73.9516526
Manhattan,08/21/2019 12:17:44 PM,40.70263157,-74.01137549
Brooklyn,01/26/2018 10:42:06 AM,40.62664516,-74.01496224
Queens,10/18/2017 10:18:56 AM,,
Brooklyn,06/25/2017 1:27:00 AM,,
Staten Island,04/19/2021 9:27:27 AM,40.53490006,-74.17231993
Bronx,10/01/2017 2:50:56 PM,40.82577659,-73.88016707
Queens,08/07/2012 4:24:36 PM,40.70961536,-73.91855816
Manhattan,01/15/2014 12:41:42 AM,40.735313,-73.99411837
Bronx,11/07/2021 7:53:13 AM,40.81123569,-73.92111638
Brooklyn,01/23/2016 4:54:40 PM,40.68323038,-73.98564272
Bronx,07/26/2019 12:00:21 AM,40.83122914,-73.93037144
Queens,07/31/2020 6:28:30 AM,40.69660001,-73.80793504
Bronx,10/08/2021 10:31:49 PM,40.8118549,-73.91984627
Brooklyn,11/27/2011 9:15:36 PM,40.65771153,-73.94071147
Manhattan,04/22/2016 9:05:33 PM,40.75533791,-73.98531316
Brooklyn,03/15/2020 11:15:25 PM,40.69979588,-73.9897529
Bronx,03/30/2017 8:16:48 AM,40.81472925,-73.90555741
Manhattan,06/20/2019 6:42:31 PM,40.752189,-73.993464
Brooklyn,12/30/2018 6:13:09 AM,40.68346919,-73.92622644
Queens,04/03/2021 2:33:34 AM,40.70554002,-73.73993601
Brooklyn,04/03/2019 5:10:29 PM,40.64567499,-74.0022561
Staten Island,05/16/2015 9:34:37 PM,40.62240573,-74.08856877
Brooklyn,04/06/2014 1:44:59 PM,40.69272948,-73.92241924
Manhattan,02/25/2022 5:25:07 PM,40.76477702,-73.97784376
Queens,10/20/2013 7:27:10 AM,,
Bronx,03/22/2016 1:46:17 PM,40.81617749,-73.80447432
Queens,05/13/2017 11:08:01 AM,40.71400364,-73.82998933
Manhattan,09/15/2017 2:37:12 PM,40.75018796,-73.97191431
Queens,01/16/2015 9:40:19 AM,40.74566617,-73.89920634
Brooklyn,12/08/2016 9:38:34 PM,,
Manhattan,07/15/2020 4:43:37 AM,40.74802453,-73.99504596
Queens,01/02/2018 7:31:33 AM,,
Bronx,01/23/2018 1:41:44 PM,,
Manhattan,03/12/2020 7:59:27 PM,40.73920005,-73.99927298
New York,05/29/2019 8:12:21 AM,40.739661,-73.990944
Manhattan,07/11/2011 8:57:59 PM,40.77913864,-73.95683001
Brooklyn,12/10/2013 3:33:24 AM,40.63868086,-73.91681074
Queens,11/30/2014 2:33:57 PM,40.64622,-73.78571
Bronx,09/11/2021 7:25:38 AM,40.83908901,-73.92043401
Bronx,04/01/2017 9:55:47 AM,40.86171657,-73.91068343
Queens,06/22/2022 1:10:26 PM,40.70606929,-73.73626566
Brooklyn,07/03/2015 5:40:20 PM,40.69619702,-73.98876294
Queens,05/09/2018 10:39:22 AM,,
Brooklyn,07/05/2014 7:23:33 AM,40.60981101,-74.0253011
Bronx,08/27/2019 12:08:59 PM,40.87835276,-73.8816478
Brooklyn,11/17/2017 12:40:55 PM,,
Bronx,10/30/2021 3:08:40 PM,40.86637661,-73.89389472
Brooklyn,06/17/2019 12:10:48 PM,40.63764022,-73.99302289
Manhattan,09/15/2020 4:50:35 PM,40.7828536,-73.97993546
New York,02/09/2016 3:03:11 PM,40.8293855,-73.93711848
Manhattan,04/15/2013 1:20:15 AM,40.7581139,-73.97539337
Manhattan,06/20/2017 9:32:22 AM,40.71442154,-74.00607638
Manhattan,11/17/2017 3:35:42 PM,,
Manhattan,06/28/2017 6:04:26 PM,40.73135779,-73.99245452
Bronx,03/23/2020 3:14:28 AM,40.81773478,-73.90920665
Brooklyn,01/14/2020 11:31:26 AM,40.67295219,-73.95024003
Brooklyn,05/10/2019 9:21:15 AM,40.71819541,-73.95139423
Queens,01/15/2014 8:45:18 AM,40.72940178,-73.84563701
Brooklyn,07/26/2012 8:26:20 PM,40.68564388,-73.99658903
Manhattan,01/06/2019 1:31:41 AM,40.818204,-73.956573
Brooklyn,04/03/2019 5:10:29 PM,40.64567499,-74.0022561
Manhattan,10/03/2018 2:23:13 AM,40.72964971,-73.98376561
Manhattan,10/06/2019 1:39:44 AM,40.7487144,-73.9772174
Queens,11/30/2019 3:12:28 PM,40.66933585,-73.79359715
Manhattan,11/24/2013 7:19:28 AM,40.82232872,-73.95438484
Manhattan,12/31/2013 2:01:37 PM,40.79862669,-73.93952048
Manhattan,11/27/2021 3:18:43 PM,40.74504586,-73.98980826
Bronx,12/30/2019 11:41:07 AM,40.84229179,-73.85114791
Queens,03/08/2015 5:53:22 PM,40.74078228,-73.72673788
Manhattan,05/27/2017 3:39:25 PM,40.71442154,-74.00607638
Staten Island,07/20/2015 4:51:47 PM,40.56544555,-74.20211035
Queens,05/30/2019 7:42:13 PM,40.70943,-73.9104435
Brooklyn,06/23/2018 6:18:30 PM,40.578705,-73.987344
Hoboken,09/29/2016 9:06:56 AM,40.73905343,-74.03015768
Manhattan,07/29/2020 1:02:31 PM,40.76390207,-73.97847177
Manhattan,02/26/2019 8:26:22 AM,40.72430231,-73.99528065
Manhattan,08/23/2016 6:23:11 PM,40.71153699,-74.01567275
Brooklyn,01/25/2021 9:22:46 AM,40.60551001,-73.99837699
Manhattan,05/24/2011 1:21:34 PM,40.86437699,-73.92653575
Brooklyn,04/10/2014 12:26:28 PM,40.58084358,-73.9596078
Brooklyn,01/02/2018 9:44:13 PM,,
Manhattan,07/12/2022 4:13:25 PM,40.76374137,-73.99879439
Staten Island,04/25/2022 2:23:15 PM,40.60859122,-74.10220073
New York,03/07/2018 6:54:36 PM,40.71845945,-74.01239703
Manhattan,05/11/2020 9:35:43 AM,40.799349,-73.9590705
Manhattan,12/15/2013 3:38:11 PM,40.70597156,-74.00525868
Brooklyn,02/02/2021 5:47:12 AM,40.68002999,-73.99653599
Brooklyn,12/20/2013 4:15:25 PM,40.63998669,-73.94841286
Queens,12/18/2021 2:36:00 AM,40.69313002,-73.74478989
Manhattan,12/14/2015 8:32:47 AM,,
Manhattan,05/09/2020 10:19:49 AM,40.80695556,-73.96120084
Brooklyn,03/15/2021 11:38:54 AM,40.73574006,-73.9367799
Brooklyn,07/11/2019 1:45:12 PM,40.574808,-73.973448
Manhattan,02/23/2017 2:55:01 PM,40.71442154,-74.00607638
Queens,01/26/2015 8:48:39 PM,40.78656813,-73.77625706
Staten Island,02/27/2018 3:40:34 PM,40.59802074,-74.18067481
Manhattan,12/18/2018 11:13:47 AM,,
Queens,12/09/2012 1:41:40 AM,40.72462921,-73.73216485
Brooklyn,09/30/2019 1:33:08 PM,40.64731067,-73.97189923
Queens,10/23/2017 3:56:31 PM,,
Bronx,08/25/2011 3:53:12 PM,40.8697688,-73.83674565
Manhattan,01/25/2018 9:38:44 AM,40.749075,-73.9919925
Manhattan,12/07/2021 3:43:35 PM,40.74073714,-73.97465026
Manhattan,07/13/2011 7:27:35 AM,40.75413357,-73.96273282
Bronx,01/11/2017 1:27:45 AM,40.80080578,-73.90976616
Manhattan,04/14/2013 2:50:01 PM,40.7581139,-73.97539337
Brooklyn,01/27/2016 8:33:46 AM,40.68042721,-73.98049122
Queens,07/13/2020 1:12:08 PM,40.74584,-73.94376303
Staten Island,06/17/2011 7:50:44 AM,40.63992339,-74.08802631
Brooklyn,05/01/2018 5:48:12 PM,40.68952422,-73.90442837
Brooklyn,10/27/2016 7:47:29 PM,,
Brooklyn,10/20/2016 10:13:29 AM,,
Manhattan,10/18/2019 3:45:50 PM,40.81049281,-73.9403417
Bronx,06/22/2017 8:11:20 PM,40.86917684,-73.82483287
Bronx,07/10/2020 4:49:21 PM,40.84999001,-73.84542796
Brooklyn,08/06/2020 2:44:32 PM,40.63896,-73.97033601
Manhattan,12/25/2017 3:44:31 PM,40.73407739,-73.99909933
Manhattan,05/10/2019 8:40:55 PM,40.79298572,-73.96764654
Staten Island,12/01/2015 7:00:59 PM,40.62846372,-74.11605735
Bronx,10/28/2013 9:15:11 PM,,
Manhattan,02/25/2019 8:42:26 AM,40.77218421,-73.967206
Brooklyn,08/28/2015 1:00:55 PM,40.63697874,-73.9923147
Brooklyn,02/07/2022 6:02:05 AM,40.68589745,-73.95053535
Brooklyn,08/12/2017 7:18:55 AM,,
Manhattan,08/01/2017 1:01:40 PM,40.75911883,-73.9963927
manhattan,12/11/2018 12:39:18 AM,40.764213,-73.970955
Manhattan,01/14/2017 12:15:09 AM,40.71442154,-74.00607638
Queens,05/03/2016 3:48:26 AM,40.69980011,-73.74677698
Staten Island (Midland Beach Area),07/06/2013 4:10:11 PM,40.57925157,-74.07780174
Staten Island,09/06/2021 11:53:59 AM,40.62833401,-74.15684601
Staten Island,11/07/2021 1:13:04 PM,40.61181006,-74.06443989
Manhattan,07/19/2018 7:02:24 AM,40.74003719,-73.99063758
Brooklyn,02/12/2015 1:36:29 AM,40.68696397,-73.86922672
Manhattan,09/28/2017 7:44:57 PM,40.784994,-73.940913
Queens,12/26/2019 10:38:39 PM,40.59419322,-73.78443518
Manhattan,05/30/2021 8:55:26 PM,40.74972183,-73.9751069
Queens,05/06/2017 12:24:09 PM,40.70798855,-73.73201291
Manhattan,03/11/2018 7:22:02 PM,40.77820803,-73.95254947
Bronx,08/05/2019 5:48:49 AM,40.83227874,-73.91658338
Manhattan,12/10/2019 6:20:50 PM,40.73224922,-73.99466389
Manhattan,04/30/2014 7:44:24 PM,40.75099078,-73.99062327
Bronx,04/09/2018 4:29:06 PM,40.83227067,-73.90142593
Queens,05/05/2022 6:51:54 PM,40.78252004,-73.91975994
Queens,03/16/2021 7:07:36 PM,40.68398,-73.82021696
Manhattan,02/20/2018 6:11:08 PM,40.75580621,-73.96872245
Queens,03/03/2022 6:42:50 PM,40.75381006,-73.70627991
Manhattan,07/02/2013 3:34:51 PM,40.72472374,-73.99429248
Brooklyn,06/20/2014 2:44:26 AM,40.69121818,-73.95548421
Queens,02/22/2017 8:48:04 PM,40.70764376,-73.84801875
Brooklyn,02/21/2022 6:15:58 PM,40.694155,-73.96620985
Brooklyn,01/02/2015 8:51:00 AM,40.5885477,-73.93959913
Queens,09/28/2021 11:29:04 AM,40.74241888,-73.81475456
Manhattan,10/29/2011 4:16:34 AM,40.72436977,-74.00304135
Brooklyn,07/09/2020 7:49:44 PM,40.64017898,-74.01226497
Queens,02/16/2018 11:20:07 PM,40.79017113,-73.81262868
Bronx,03/05/2018 2:04:16 AM,40.85553375,-73.88891492
Queens,10/09/2014 9:01:10 AM,40.58655105,-73.80350488
Queens,10/28/2018 3:10:43 AM,40.75239769,-73.93546803
Brooklyn,09/15/2012 1:00:54 PM,40.65574966,-73.92323352
Manhattan,02/26/2015 7:05:25 PM,40.76463573,-73.97697934
Brooklyn,12/23/2011 10:39:58 AM,40.68583055,-74.00230043
Manhattan,05/30/2021 10:01:31 AM,40.75396233,-73.97203703
Brooklyn,06/14/2016 10:01:05 AM,40.6586669,-73.87561841
Manhattan,07/17/2015 5:54:02 PM,40.75710289,-73.9861935
Queens,02/24/2015 12:03:26 PM,40.71368595,-73.83050513
Brooklyn,03/22/2016 2:14:26 PM,,
Manhattan,09/14/2021 4:36:56 PM,40.76522181,-73.963626
Brooklyn,12/18/2014 8:02:29 PM,40.57676768,-73.98152224
Queens,04/06/2018 6:20:45 AM,40.72312474,-73.9007969
Brooklyn,10/31/2012 5:24:46 PM,40.58148786,-73.9657563
Queens,03/29/2022 7:26:56 PM,40.67076019,-73.80011221
Bronx,10/01/2017 2:50:56 PM,40.82577659,-73.88016707
Brooklyn,10/17/2017 10:00:47 AM,,
Brooklyn,05/31/2018 1:33:54 AM,40.68311358,-73.98339217
Brooklyn,11/08/2019 3:13:47 AM,40.72696143,-73.93713405
Queens,05/10/2017 1:36:12 PM,40.71400364,-73.82998933
Bronx,11/14/2013 12:09:19 PM,40.83313085,-73.9140272
Brooklyn,08/22/2016 3:52:05 AM,40.62295828,-73.97338989
Bronx,03/19/2022 6:34:34 PM,40.84177067,-73.91636502
Manhattan,09/14/2018 9:49:55 AM,40.82134656,-73.95795374
Staten Island,05/11/2018 3:45:25 AM,40.51188534,-74.25119569
Brooklyn,08/18/2015 7:08:00 AM,,
Staten Island,08/12/2022 9:12:35 PM,40.60817977,-74.16011789
Bronx,09/14/2020 2:30:01 AM,40.82998999,-73.88778197
Bronx,11/16/2016 10:34:53 AM,40.87841168,-73.90648401
Manhattan,11/28/2012 5:42:04 AM,,
Manhattan,02/25/2022 9:30:01 PM,40.83233495,-73.93582729
Queens,03/04/2015 3:20:22 PM,40.74616226,-73.86617644
Manhattan,12/16/2013 7:33:32 PM,40.71415329,-73.98901963
Manhattan,09/28/2017 7:44:57 PM,40.784994,-73.940913
Brooklyn,12/21/2021 2:53:11 AM,40.67893297,-73.94018722
Brooklyn,11/11/2011 4:04:47 PM,40.68459561,-73.9441742
Manhattan,04/07/2018 6:04:46 PM,40.76257248,-73.97420438
Manhattan,11/19/2015 10:34:02 AM,40.75065869,-73.99087596
Bronx,10/09/2015 7:00:44 PM,40.82099088,-73.89412074
Brooklyn,10/30/2016 8:19:34 PM,,
Staten Island,01/19/2017 1:36:22 PM,40.63823702,-74.08815826
Bronx,12/15/2015 2:06:12 PM,40.81549744,-73.91224001
Manhattan,07/11/2014 9:37:18 AM,40.75700358,-73.98252622
Queens,10/01/2014 2:58:10 PM,40.67648805,-73.77138082
Brooklyn,07/05/2014 9:20:58 PM,,
Manhattan,07/29/2011 7:58:14 PM,,
Bronx,02/11/2019 2:55:00 AM,,
Manhattan,10/26/2021 10:00:27 AM,40.76363407,-73.96343527
Brooklyn,01/12/2020 1:23:28 PM,40.62810897,-73.9822371
Manhattan,04/24/2015 12:02:47 PM,40.75180865,-73.97287643
Manhattan,05/09/2013 7:14:53 PM,40.7444447,-73.9925044
Manhattan,01/23/2014 4:53:00 AM,40.75099883,-73.98855879
Brooklyn,02/22/2016 11:36:46 AM,,
Bronx,05/19/2012 6:45:17 AM,40.85815596,-73.90555014
Brooklyn,01/21/2019 7:10:00 PM,40.68102444,-73.89053892
Queens,03/10/2021 6:17:00 AM,40.70618002,-73.78553499
Brooklyn,07/30/2018 7:47:38 AM,,
Manhattan,06/10/2016 10:49:02 AM,40.71601467,-74.00474362
Queens,12/19/2016 11:25:52 AM,40.71400364,-73.82998933
Manhattan,06/15/2013 12:19:28 PM,40.78643658,-73.97414789
Brooklyn,06/23/2018 11:06:46 AM,40.68137729,-73.90656176
Brooklyn,11/14/2015 12:25:00 PM,40.69828778,-73.953157
Queens,04/15/2020 9:44:53 AM,40.59411143,-73.79530022
Brooklyn,08/27/2021 5:36:20 PM,40.69857202,-73.97115702
Bronx,04/02/2015 12:22:38 PM,,
Manhattan,03/26/2013 10:11:42 AM,40.74309984,-74.00638033
Queens,01/05/2018 6:54:24 PM,,
Queens,09/28/2016 6:22:34 PM,,
Manhattan,06/17/2014 3:00:06 PM,40.75031836,-73.9911106
Manhattan,12/25/2019 12:10:12 PM,40.76584285,-73.9571514
Manhattan,03/19/2020 1:10:42 PM,40.74380566,-73.99306077
Queens,04/27/2021 2:14:51 AM,40.74328004,-73.77561995
Manhattan,03/06/2012 2:35:36 PM,40.78292456,-73.95939133
Queens,05/14/2018 1:14:45 PM,40.6772759,-73.78100497
Manhattan,09/14/2018 9:49:55 AM,40.82134656,-73.95795374
Manhattan,12/21/2019 12:23:53 PM,40.86814385,-73.92515724
Bronx,05/23/2012 2:25:10 PM,40.82294014,-73.90411152
Bronx,08/18/2017 4:51:18 PM,40.84027204,-73.87025071
Brooklyn,07/29/2019 12:49:28 PM,40.60307978,-74.00336718
Brooklyn,04/10/2019 6:22:38 PM,40.6332562,-73.96709535
Manhattan,12/10/2011 2:40:02 PM,40.75199717,-73.9694259
Queens,12/14/2014 1:58:20 PM,40.68359389,-73.81043729
Brooklyn,06/05/2016 8:08:37 AM,40.57670913,-73.96566516
Queens,04/11/2017 6:35:24 PM,40.71400364,-73.82998933
Manhattan,08/02/2017 8:43:47 PM,40.75388298,-73.99226628
Queens,02/05/2018 4:42:54 PM,40.66701747,-73.79420361
Brooklyn,01/15/2018 1:48:40 PM,40.6782265,-73.94350175
Manhattan,12/10/2019 1:45:38 PM,40.728654,-73.975788
Queens,12/17/2016 9:04:03 AM,,
Brooklyn,04/29/2012 5:32:55 PM,40.70437051,-73.98503946
Queens,02/11/2017 9:14:06 AM,40.71400364,-73.82998933
Manhattan,09/28/2015 9:20:41 AM,40.74727705,-73.98961687
Manhattan,03/12/2015 10:49:09 AM,40.74683328,-73.97680143
Manhattan,09/09/2021 3:55:52 PM,40.71800902,-74.01382702
Queens,07/27/2011 7:49:59 PM,40.78546901,-73.91442097
Queens,10/28/2013 4:52:25 PM,40.64063378,-73.78651799
Queens,06/06/2022 4:37:20 AM,40.76895004,-73.88866995
Manhattan,07/15/2015 3:50:45 PM,40.71046408,-73.98662157
manhattan,10/17/2015 11:16:38 AM,,
Brooklyn,07/18/2019 8:02:36 AM,40.853907,-73.90377
Manhattan,02/07/2020 8:50:00 AM,40.804857,-73.966302
Brooklyn,04/11/2019 1:21:52 PM,40.68643432,-73.97952409
Manhattan,02/23/2017 2:55:01 PM,40.71442154,-74.00607638
Brooklyn,04/26/2021 11:22:51 AM,40.69813004,-73.96229994
Queens,03/08/2020 3:52:23 AM,40.709079,-73.738287
Brooklyn,10/06/2015 6:52:56 PM,40.61812937,-73.92290577
Brooklyn,08/08/2020 9:46:35 AM,40.69980832,-73.98976959
Queens,06/17/2022 2:20:56 PM,40.68769708,-73.81897426
Manhattan,03/27/2020 3:36:54 AM,40.798287,-73.952559
Manhattan,12/26/2012 8:19:38 PM,,
Queens,07/02/2020 10:13:10 AM,40.68911999,-73.79579
Queens,07/29/2015 5:42:33 PM,,
Brooklyn,01/07/2014 1:42:33 AM,40.67512828,-73.97301938
manhattan,08/16/2019 8:04:25 PM,40.75029,-73.994859
Brooklyn,11/09/2019 2:36:27 AM,40.7106433,-73.9487867
Manhattan,04/11/2015 11:59:33 AM,40.71443043,-74.00609861
Brooklyn,04/18/2020 7:36:59 AM,40.69979588,-73.9897529
Queens,09/01/2021 5:34:46 PM,40.7612877,-73.7343445
Brooklyn,05/27/2013 5:49:26 PM,,
Queens,01/16/2019 11:45:13 PM,40.70673504,-73.79397466
Manhattan,11/26/2012 8:51:51 AM,40.75662332,-73.99618835
Brooklyn,08/31/2015 4:56:59 PM,40.69970839,-73.95716636
Brooklyn,07/18/2013 7:04:10 AM,40.68295678,-73.99787274
Manhattan,05/01/2012 6:32:00 PM,40.75671042,-73.98645707
Bronx,07/07/2019 3:02:00 PM,40.84423919,-73.86349638
Brooklyn,08/09/2021 11:26:05 AM,40.694492,-73.98452104
Manhattan,02/01/2016 1:56:29 PM,40.74898077,-73.96969797
Bronx,07/20/2019 6:27:37 PM,40.8473755,-73.90193213
Bronx,03/15/2020 6:14:18 AM,40.83987447,-73.92250425
Brooklyn,06/05/2020 3:34:16 AM,40.65826047,-73.89366398
Queens,05/28/2014 8:03:03 PM,40.68467795,-73.84317333
Manhattan,01/10/2022 4:50:54 PM,40.7239059,-73.98529259
Brooklyn,09/15/2014 6:34:45 PM,40.69202509,-73.93275492
Brooklyn,05/19/2022 11:22:50 AM,40.60530101,-73.96637791
Queens,05/10/2013 11:35:14 AM,40.68029653,-73.84464021
manhattan,07/29/2015 11:22:43 AM,40.77001945,-73.96126569
Manhattan,01/06/2014 9:27:59 PM,40.74682464,-74.00044751
Brooklyn,05/14/2015 3:08:11 AM,,
Queens,10/30/2016 3:57:54 PM,,
Queens,01/05/2015 11:27:33 AM,40.76675129,-73.92019225
Brooklyn,11/24/2019 6:14:27 AM,40.648635,-74.006847
Brooklyn,01/10/2017 11:51:42 AM,40.57851512,-73.93486608
Bronx,01/12/2018 9:31:21 AM,40.8462453,-73.91833785
Manhattan,02/08/2019 8:38:22 AM,40.78917919,-73.97054945
Brooklyn,10/29/2016 5:35:28 PM,,
Bronx,01/18/2022 11:02:15 AM,40.81820994,-73.89530917
Bronx,07/29/2021 11:28:58 AM,40.88760003,-73.87804991
Staten Island,08/27/2015 10:09:24 AM,40.58839599,-74.19624492
Manhattan,07/26/2011 8:44:46 AM,40.81809691,-73.9379312
Manhattan,04/18/2013 10:17:41 PM,40.78179135,-73.95311269
Manhattan,09/07/2012 3:08:28 PM,40.71855581,-73.98820001
Queens,01/12/2017 12:20:46 AM,,
Brooklyn,12/12/2013 12:45:20 PM,40.65733614,-73.91175609
Brooklyn,08/18/2012 5:12:13 PM,40.67424975,-73.88697414
Manhattan,03/17/2016 10:51:10 PM,40.80675015,-73.94308199
Bronx,01/07/2021 3:23:51 AM,40.84767002,-73.9123899
Bronx,05/23/2013 5:54:03 PM,40.85141388,-73.91853274
Manhattan,07/21/2020 5:15:47 PM,40.72757302,-73.97559665
Brooklyn,06/16/2015 1:28:05 AM,40.68935852,-73.91791221
Brooklyn,06/23/2020 12:09:05 AM,40.64613109,-74.01811977
Staten Island,07/09/2019 1:31:22 AM,40.612572,-74.06712
Manhattan,05/22/2021 11:36:20 PM,40.7541657,-73.96697004
Manhattan,06/10/2015 1:57:32 PM,40.76553005,-73.99767155
Queens,02/28/2013 11:26:14 PM,40.69320882,-73.76570879
Manhattan,02/22/2022 11:52:43 PM,40.82486718,-73.94389915
Manhattan,03/27/2015 1:39:32 AM,40.76454603,-73.96007759
Manhattan,01/18/2018 4:19:55 PM,40.71691558,-73.99561291
Brooklyn,02/06/2020 12:04:41 PM,40.600836,-73.9812195
Manhattan,07/01/2011 9:49:17 PM,40.76920125,-73.98276491
Manhattan,02/08/2018 3:52:00 PM,40.73251795,-73.98778983
Brooklyn,07/09/2018 10:30:33 AM,40.684806,-73.991772
Manhattan,09/21/2021 12:43:21 AM,40.77795798,-73.98539401
New York,06/23/2019 2:02:48 PM,40.82692309,-73.94300423
Brooklyn,08/14/2012 4:32:06 PM,,
Staten Island,09/22/2017 1:16:46 PM,40.61371724,-74.13252739
Brooklyn,09/05/2016 4:01:40 AM,,
Brooklyn,02/26/2019 1:28:36 PM,40.66747566,-73.86422779
Brooklyn,08/02/2018 11:05:19 PM,,
Manhattan,09/04/2015 4:07:56 PM,40.75355379,-73.98504285
Manhattan,02/25/2022 9:30:01 PM,40.83233495,-73.93582729
Brooklyn,03/05/2021 5:37:21 AM,40.66189,-73.926529
Brooklyn,07/22/2019 9:34:36 PM,40.64954897,-73.8931475
New York,01/08/2018 8:48:49 AM,40.75019039,-73.99061957
Queens,09/28/2020 9:06:19 AM,40.66783259,-73.79707343
Manhattan,08/02/2020 2:31:03 AM,40.82323445,-73.95257351
Staten Island,09/06/2021 11:53:59 AM,40.62833401,-74.15684601
Brooklyn,02/20/2013 4:56:03 PM,40.68561724,-73.97860393
Manhattan,04/04/2018 9:55:35 AM,40.756572,-73.9902735
Manhattan,11/17/2017 3:35:42 PM,,
Staten Island,05/14/2015 10:24:04 AM,40.59729934,-74.12391798
Bronx,11/05/2017 4:19:24 PM,,
Brooklyn,11/15/2013 8:37:20 AM,40.66896017,-73.90472581
manhattan,02/13/2015 9:58:42 AM,40.74497143,-73.97263381
Manhattan,02/14/2017 9:13:41 AM,40.71442154,-74.00607638
Bronx,03/06/2017 6:40:53 PM,40.84251557,-73.89461655
Bronx,01/30/2017 9:47:09 PM,40.82730091,-73.86917898
Brooklyn,12/13/2013 11:08:40 AM,40.70037038,-73.9515218
Queens,01/15/2014 2:47:04 AM,40.72940178,-73.84563701
Manhattan,06/02/2021 2:20:21 AM,40.76398799,-73.97654021
Brooklyn,12/19/2011 4:07:29 PM,40.67047591,-73.90548427
Manhattan,07/01/2013 7:59:36 PM,40.84468646,-73.94079421
Queens,09/15/2018 7:34:49 AM,40.67510857,-73.85442551
Bronx,08/09/2018 5:16:59 PM,40.82794801,-73.87120528
Manhattan,05/21/2011 5:55:43 PM,40.86882937,-73.92306346
Brooklyn,02/24/2016 7:35:48 AM,40.71718946,-73.95628213
Queens,07/02/2020 11:02:14 AM,40.68911999,-73.79579
Queens,08/06/2019 3:54:41 PM,40.69821443,-73.80161869
Brooklyn,12/17/2018 12:44:51 PM,,
Queens,06/20/2014 4:36:58 PM,40.77452069,-73.8196524
Hollis,06/26/2017 9:17:19 AM,40.71862277,-73.76494809
Bronx,01/28/2020 12:32:29 AM,40.83542259,-73.90789792
Brooklyn,09/06/2015 11:46:08 PM,40.59911868,-73.96022692
Queens,12/17/2018 2:00:50 AM,40.76757292,-73.90184409
Queens,01/04/2019 2:23:28 PM,40.758309,-73.855602
Queens,05/02/2020 11:13:34 AM,40.765221,-73.931688
Manhattan,07/19/2018 7:02:24 AM,40.74003719,-73.99063758
Brooklyn,02/23/2015 11:32:59 AM,40.68636017,-73.94941183
Manhattan,11/19/2020 9:29:35 AM,40.76256673,-73.97223447
Manhattan,01/30/2015 11:31:49 AM,40.80275427,-73.93859206
Staten Island,03/15/2022 7:11:07 PM,40.64661004,-74.08108995
Staten Island,12/31/2016 1:17:16 PM,40.6344678,-74.13300782
Bronx,12/01/2013 10:21:49 AM,,
Manhattan,08/19/2019 11:35:02 AM,40.86572582,-73.92321583
Bronx,10/17/2014 2:42:26 AM,40.85413832,-73.89363058
Manhattan,03/14/2017 3:04:32 AM,40.71442154,-74.00607638
Manhattan,10/03/2018 2:23:13 AM,40.72964971,-73.98376561
New York,01/21/2019 8:28:35 PM,40.76465021,-73.97788313
Brooklyn,11/18/2016 2:13:08 PM,40.57967989,-73.97190928
New York,12/27/2018 9:59:19 PM,40.779711,-73.906326
Manhattan,03/20/2021 3:21:21 AM,40.76884763,-73.95222588
Brooklyn,11/10/2011 5:40:47 AM,40.69012313,-73.94913492
Brooklyn,12/18/2017 2:27:02 AM,40.60228059,-73.95796689
Staten Island,09/01/2019 7:36:32 PM,40.6267921,-74.08179169
Manhattan,09/19/2016 5:52:57 AM,,
Brooklyn,03/23/2016 12:37:44 PM,,
Manhattan,12/12/2019 6:41:35 AM,40.79220794,-73.95042423
Brooklyn,03/10/2014 3:50:22 PM,40.68218135,-73.94658108
Bronx,01/28/2020 12:32:29 AM,40.83542259,-73.90789792
Manhattan,11/03/2021 3:19:13 AM,40.81362227,-73.94088896
Manhattan,11/09/2017 2:33:16 PM,40.73135779,-73.99245452
Brooklyn,08/16/2019 7:29:39 AM,,
Manhattan,07/29/2011 11:09:59 PM,40.78264229,-73.98319474
Queens,12/19/2020 6:04:24 AM,40.74157998,-73.87406298
Brooklyn,04/06/2014 12:42:47 PM,40.57485802,-73.98676392
Manhattan,12/10/2020 2:49:42 PM,40.79700202,-73.96086791
Brooklyn,11/04/2016 11:59:10 AM,,
Manhattan,11/17/2020 10:55:32 AM,40.74689827,-73.98313182
Manhattan,11/15/2020 9:44:13 PM,40.76457732,-73.9775786
Brooklyn,11/01/2011 1:06:35 PM,40.66596494,-73.91810681
New York,10/30/2018 4:21:26 PM,40.7580828,-73.99191506
Brooklyn,08/09/2018 1:59:33 PM,40.7281929,-73.95332558
Manhattan,04/25/2018 8:27:50 AM,40.76958679,-73.96242355
New York,10/24/2018 10:15:24 AM,40.76804662,-73.98248906
Brooklyn,03/09/2018 9:34:49 PM,40.67372865,-73.88318598
Bronx,06/05/2013 12:39:17 PM,40.80871594,-73.88496491
Staten Island,10/04/2017 12:03:36 PM,40.5221496,-74.2167997
Manhattan,09/12/2012 6:14:36 PM,40.79034892,-73.95189687
Manhattan,11/02/2012 11:38:13 PM,40.72395093,-73.98036663
Brooklyn,09/07/2013 11:13:53 AM,40.6908651,-73.91016475
Brooklyn,01/09/2018 4:53:50 PM,,
Brooklyn,10/14/2014 5:36:17 PM,,
Manhattan,04/12/2012 11:27:55 AM,40.76805137,-73.98394572
Bronx,09/07/2020 4:42:02 PM,40.81227999,-73.88194197
Queens,10/09/2019 12:42:54 PM,40.76038488,-73.84085996
Bronx,08/22/2012 8:29:41 AM,40.82098581,-73.89161332
Brooklyn,09/23/2011 4:06:41 PM,40.69402559,-73.94778325
Staten Island,03/30/2015 6:31:05 PM,40.58631437,-74.19199402
Queens,04/07/2020 5:38:49 PM,40.70133805,-73.81631383
manhattan,12/11/2018 12:39:18 AM,40.764213,-73.970955
New York,04/06/2016 2:14:26 PM,40.7830028,-73.95571172
Brooklyn,04/03/2019 5:10:29 PM,40.64567499,-74.0022561
Brooklyn,09/17/2017 12:46:11 PM,40.702401,-73.9867005
Manhattan,05/04/2011 9:29:07 AM,40.83156785,-73.94298126
Manhattan,01/23/2016 10:20:09 PM,40.75688719,-73.97631064
Bronx,02/18/2018 3:47:01 AM,,
Brooklyn,07/28/2016 6:21:16 PM,40.68613844,-73.92529705
Queens,03/19/2019 6:37:27 PM,40.73983994,-73.90434371
Bronx,11/05/2017 4:19:24 PM,,
Bronx,09/21/2012 3:57:16 PM,,
Manhattan,12/24/2021 8:02:45 AM,40.76444078,-73.98060543
Brooklyn,04/18/2020 7:36:59 AM,40.69979588,-73.9897529
Manhattan,02/11/2013 12:12:25 PM,40.76446492,-73.96380671
Manhattan,02/28/2019 8:49:12 AM,40.81379419,-73.94598951
Bronx,01/28/2016 7:40:53 PM,40.82985974,-73.90768975
Manhattan,10/30/2012 12:16:46 PM,40.7497032,-73.97193891
Queens,11/30/2019 3:12:28 PM,40.66933585,-73.79359715
Staten Island,01/08/2015 6:06:55 PM,40.61138573,-74.06307236
Bronx,06/28/2021 4:30:49 AM,40.87663499,-73.87582804
Bronx,10/01/2017 2:50:56 PM,40.82577659,-73.88016707
Bronx,09/15/2020 9:50:20 AM,40.84598002,-73.83175499
Brooklyn,10/16/2016 5:33:44 AM,,
Manhattan,11/28/2020 1:34:46 AM,40.75920681,-73.98637521
Brooklyn,09/01/2017 10:36:08 PM,40.67767301,-73.87695624
Manhattan,04/04/2014 8:07:01 AM,40.83327625,-73.94544071
Staten Island,03/07/2012 7:14:58 PM,40.64188736,-74.09648948
Manhattan,09/29/2017 3:40:18 PM,40.739742,-74.0025225
Staten Island,05/21/2013 2:28:16 PM,,
Manhattan,05/17/2020 7:55:23 PM,40.80867927,-73.94782476
Bronx,12/30/2019 2:06:16 PM,40.87005652,-73.83229533
Queens,01/09/2018 1:35:17 PM,,
Queens,08/11/2017 1:38:42 PM,40.5805614,-73.8316619
Brooklyn,12/20/2014 2:46:43 PM,40.66552352,-73.93144433
Manhattan,10/25/2017 8:53:42 AM,,
Brooklyn,07/06/2021 8:46:14 PM,40.86095006,-73.82836995
Manhattan,01/23/2020 9:00:40 PM,40.71613915,-73.99915329
Staten Island,09/03/2013 12:49:07 PM,40.57855711,-74.16959473
Manhattan,05/01/2013 1:36:57 PM,40.76520433,-73.9792787
Queens,02/10/2018 4:44:26 PM,40.71260969,-73.83408588
Queens,02/05/2018 12:07:19 AM,40.70986133,-73.79955435
Brooklyn,02/03/2016 10:15:16 AM,40.70440048,-73.95341238
Queens,11/30/2021 2:12:41 PM,40.71811811,-73.85318709
Brooklyn,01/05/2013 2:44:10 AM,40.59783307,-73.96548505
Bronx,01/31/2019 4:24:08 AM,40.85165345,-73.92290212
Manhattan,04/05/2018 5:59:19 PM,40.706379,-74.00952
Brooklyn,01/18/2018 4:09:49 AM,40.59875194,-73.99770857
Queens,10/09/2019 12:42:54 PM,40.76038488,-73.84085996
Bronx,03/31/2021 1:06:30 PM,40.84521002,-73.882394
Queens,04/16/2018 4:31:19 AM,40.60870308,-73.74980346
Brooklyn,01/22/2020 2:30:26 AM,40.6779545,-73.97935631
Staten Island,08/15/2018 4:55:56 PM,40.582269,-74.155581
Brooklyn,10/17/2017 10:00:47 AM,,
Brooklyn,03/14/2020 6:28:05 AM,40.71676724,-73.95758188
New York/Manhattan,09/29/2014 6:12:54 PM,40.75580739,-73.98640311
Queens,03/12/2017 4:25:15 PM,40.71400364,-73.82998933
Brooklyn,02/17/2016 11:00:02 AM,40.59484063,-73.96352057
Brooklyn,12/26/2019 9:53:41 AM,40.696281,-73.9889505
Queens,03/24/2020 9:46:36 AM,40.731993,-73.9191015
Manhattan,11/15/2021 1:36:50 AM,40.75751733,-73.96536529
Brooklyn,03/23/2019 6:53:44 PM,40.60918384,-73.9788589
Bronx,06/28/2020 8:41:41 AM,40.8503523,-73.90435716
Manhattan,10/29/2012 2:42:56 PM,40.7649874,-73.97875171
Manhattan,12/22/2016 11:19:07 AM,40.71442154,-74.00607638
Brooklyn,10/30/2019 2:55:41 PM,40.63333457,-74.0052267
Brooklyn,01/02/2018 3:39:03 AM,,
Brooklyn,08/31/2016 4:14:35 PM,40.68431713,-73.98427236
Queens,03/30/2022 7:28:55 PM,40.69418053,-73.81005189
Brooklyn,01/13/2014 9:23:53 AM,40.5991067,-73.94455176
Manhattan,11/19/2020 9:29:35 AM,40.76256673,-73.97223447
Brooklyn,03/04/2015 12:45:49 PM,40.68404841,-73.93693824
Staten Island,06/11/2018 5:27:11 PM,40.64306759,-74.07703574
Manhattan,01/12/2012 5:15:29 PM,40.72469167,-73.9784146
Queens,11/14/2016 11:25:49 AM,40.64384687,-73.78029487
Manhattan,07/15/2022 9:07:51 PM,40.75232005,-73.9859499
Manhattan,02/01/2013 11:01:54 AM,40.74135658,-73.98912702
Brooklyn,06/27/2019 3:14:02 PM,,
Brooklyn,10/12/2015 1:56:16 PM,40.68618228,-73.95747792
Manhattan,12/26/2020 10:42:33 PM,40.76040932,-73.95824409
Queens,06/04/2018 2:32:23 AM,40.7616,-73.81765751
Brooklyn,01/08/2016 3:14:03 PM,40.67517435,-73.98469991
Manhattan,11/03/2021 3:19:13 AM,40.81362227,-73.94088896
Brooklyn,10/20/2015 12:57:24 AM,,
Manhattan,04/29/2017 1:52:59 PM,40.71442154,-74.00607638
Brooklyn,10/16/2018 8:12:45 PM,40.734792,-73.990701
Manhattan,05/20/2015 8:35:47 AM,40.77115647,-73.99132805
Brooklyn,04/18/2020 8:37:27 PM,40.69979588,-73.9897529
Queens,06/22/2022 1:10:26 PM,40.70606929,-73.73626566
Brooklyn,05/20/2022 7:49:46 AM,40.63936883,-73.99866952
Staten Island,03/16/2015 4:25:43 PM,40.54880288,-74.21422449
Queens,04/08/2015 8:53:59 AM,40.71400364,-73.82998933
Manhattan,02/25/2015 3:02:58 PM,40.70835593,-74.01481356
Staten Island,02/23/2017 9:50:59 AM,40.60874548,-74.15378313
Queens,12/01/2015 6:10:11 PM,40.72774781,-73.84647428
Bronx,12/05/2019 11:38:52 AM,40.84224983,-73.86495502
Manhattan,08/06/2019 5:55:24 AM,40.84719493,-73.93487294
New York,03/22/2018 4:41:53 PM,40.70882217,-74.01071682
Queens,10/09/2019 12:42:54 PM,40.76038488,-73.84085996
Manhattan,07/05/2013 8:33:33 AM,,
Staten Island,09/08/2020 2:21:37 AM,40.59379999,-74.15703896
New York,12/18/2015 2:02:00 AM,40.83810419,-73.9399002
Manhattan,04/03/2021 4:40:18 PM,40.78581003,-73.9428499
Brooklyn,02/21/2017 4:53:30 AM,40.70685677,-73.95330117
Manhattan,09/29/2012 2:53:35 PM,40.81138658,-73.95029578
Staten Island,04/16/2015 11:12:09 PM,40.64241233,-74.07522011
Manhattan,08/26/2015 3:22:22 AM,40.77411212,-73.95447925
Bronx,06/30/2017 3:14:03 PM,40.83721306,-73.87145923
Jamaica,04/23/2017 2:48:20 PM,40.70178229,-73.80841858
Manhattan,12/09/2014 10:36:45 AM,40.74586645,-73.99204952
Queens,09/15/2014 1:25:09 PM,40.72747847,-73.90706209
Brooklyn,05/09/2022 12:58:00 AM,40.63050002,-73.88600995
Brooklyn,11/22/2013 1:13:43 AM,40.69600189,-73.9714314
Manhattan,09/03/2015 12:22:34 AM,40.8233604,-73.94716508
Manhattan,12/24/2020 5:28:31 PM,40.76457732,-73.9775786
Manhattan,07/16/2020 11:06:26 AM,40.74554086,-73.97750668
Brooklyn,03/30/2014 7:19:57 AM,40.64539163,-73.99448664
Staten Island,08/14/2011 1:13:23 PM,40.55404126,-74.14054235
Queens,06/28/2019 1:53:31 PM,40.75025551,-73.93845938
Manhattan,05/31/2013 6:47:43 PM,40.78519322,-73.94933312
Queens,01/31/2016 10:11:36 PM,40.59445812,-73.77893522
Staten island,05/24/2015 2:18:27 PM,40.54696186,-74.14964889
Bronx,07/09/2013 7:43:53 PM,40.81209089,-73.88666419
Queens,09/01/2017 6:11:41 AM,40.72900746,-73.86213164
Brooklyn,08/14/2018 8:28:20 AM,,
Brooklyn,12/11/2018 8:54:05 PM,,
New York,07/06/2018 7:42:24 PM,40.76274848,-73.97415761
manhattan,12/11/2018 12:39:18 AM,40.764213,-73.970955
Brooklyn,04/21/2018 10:53:38 AM,,
Brooklyn,03/22/2022 3:32:08 PM,40.65322005,-74.00565995
Bronx,03/06/2014 3:46:14 PM,40.82268117,-73.90296293
Manhattan,04/02/2016 8:21:01 PM,40.75857393,-73.98504894
Manhattan,11/14/2017 3:37:43 PM,,
Bronx,06/07/2021 10:13:10 PM,40.840354,-73.88744804
Brooklyn,03/29/2014 11:28:24 PM,40.64255356,-74.00459427
Brooklyn,09/12/2012 11:33:17 AM,40.69582131,-73.99280197
Queens,06/24/2017 9:30:28 PM,40.71400364,-73.82998933
Manhattan,02/20/2020 3:39:26 AM,40.743333,-73.9841085
Staten Island,03/19/2014 2:26:28 PM,40.62478096,-74.07971364
Bronx,02/04/2015 7:58:38 PM,40.84631866,-73.91332704
Bronx,07/17/2021 4:45:34 PM,40.835636,-73.92427996
Manhattan,12/21/2018 3:55:55 AM,,
Manhattan,06/13/2014 10:53:10 AM,40.74158556,-73.97801217
Brooklyn,11/15/2020 6:32:30 PM,40.64154512,-73.93785238
Bronx,09/27/2016 7:36:10 AM,,
Brooklyn,08/30/2018 2:28:53 PM,,
manhattan,10/04/2017 3:02:25 PM,40.75018796,-73.97191431
Queens,06/22/2022 1:10:26 PM,40.70606929,-73.73626566
